{
  "ContainerID": "dnext2",
  "StepText": "Page",
  "Layout": {
    "TextPosition": "bottom",
    "TextColumns": 12,
    "TextStyle": "html",
    "TextDisplay": "single"
  },
  "Navigation": {
    "ShowProgress": false,
    "ButtonNext": "Next",
    "ButtonPrev": "Previous"
  },
  "Steps": [
    {
      "Image": {
        "FilePath": "data/images/",
        "FileName": "start_2.png",
        "AltText": ""
      },
      "HTML": ""
    },
    {
      "Image": {
        "FilePath": "data/images/",
        "FileName": "BH.png",
        "AltText": "Business & Hospitality "
      },
      "HTML": "<h3>Business & Hospitality</h3><ul><li>sales reports</li><li>market research</li><li>conference / trip\nreport</li></ul>"
    },
    {
      "Image": {
        "FilePath": "data/images/",
        "FileName": "EI.png",
        "AltText": "Engineering &\nInformation Technology "
      },
      "HTML": "<h3>Engineering & Information Technology</h3><ul><li>project / research\nproposals</li><li>reporting results of\nresearch and project</li></ul>"
    },
    {
      "Image": {
        "FilePath": "data/images/",
        "FileName": "HS.png",
        "AltText": "Health & Life\nSciences and Community Services"
      },
      "HTML": "<h3>Health & Life\nSciences and Community Services</h3><ul><li>Incident report</li><li>Progress / assessment report</li><li>end-of-shift report\n\n</li></ul>"
    },
    {
      "Image": {
        "FilePath": "data/images/",
        "FileName": "MD.png",
        "AltText": "Media & Design"
      },
      "HTML": "<h3>Media & Design</h3><ul><li>client presentations</li><li>market research</li><li>measuring impact /\nreturn on investment</li></ul>"
    },
    {
      "Image": {
        "FilePath": "data/images/",
        "FileName": "TA.png",
        "AltText": "Trades and Apprenticeship"
      },
      "HTML": "<h3>Trades and\nApprenticeship</h3><ul><li>advancement jobs:\nsupervisor, consultant, compliance/enforcement</li></ul>"
    }
  ]
}