{
  "ContainerID": "dnext",
  "StepText": "Page",
  "Layout": {
    "TextPosition": "right",
    "TextColumns": 4,
    "TextStyle": "html",
    "TextDisplay": "single"
  },
  "Navigation": {
    "ShowProgress": true,
    "ButtonNext": "Next",
    "ButtonPrev": "Previous"
  },
  "Steps": [
    {
      "Image": {
        "FilePath": "data/images/",
        "FileName": "Diabetes_1.png",
        "AltText": "Intestines absorb glucose after a meal"
      },
      "HTML": "<h3>Phase 1</h3><p>Intestines absorb glucose after a meal</p>"
    },
    {
      "Image": {
        "FilePath": "data/images/",
        "FileName": "Diabetes_2.png",
        "AltText": "Pancreas responds to high glucose level by secreting insulin"
      },
      "HTML": "<h3>Phase 2</h3><p>Pancreas responds to high glucose level by secreting insulin</p>"
    },
    {
      "Image": {
        "FilePath": "data/images/",
        "FileName": "Diabetes_3.png",
        "AltText": "Insulin causes liver, skeletal muscle, and other tissues to take up more glucose"
      },
      "HTML": "<h3>Phase 3</h3><p>Insulin causes liver, skeletal muscle, and other tissues to take up more glucose</p>"
    },
    {
      "Image": {
        "FilePath": "data/images/",
        "FileName": "Diabetes_4.png",
        "AltText": ""
      },
      "HTML": ""
    }
  ]
}